name,psfmodels,astropy
Gaussian,2.331124497991968e-8,7.1579e-5
AiryDisk,1.967201604814443e-8,5.7172e-5
Moffat,2.3325301204819275e-8,5.3287e-5
