name,psfmodels,astropy
Gaussian,1.062925851703407e-8,5.4746e-5
AiryDisk,2.972782258064516e-8,4.6085e-5
Moffat,2.2364824120603015e-8,3.818e-5
