name,psfmodels,astropy
Gaussian,0.003354464,0.004044639
AiryDisk,0.002533832,0.004823558
Moffat,0.00419497,0.005310612
