name,psfmodels,astropy
Gaussian,0.003496494,0.007317911
AiryDisk,0.00849787,0.009524542
Moffat,0.003939678,0.007548259
