name,psfmodels,astropy
Gaussian,1.7845536609829487e-8,0.000140762
AiryDisk,3.8075681130171544e-8,9.5973e-5
Moffat,4.638e-9,8.5892e-5
