name,psfmodels,astropy
Gaussian,1.5832665330661323e-8,0.000164387
AiryDisk,3.699092741935484e-8,0.000108041
Moffat,1.192685370741483e-8,9.8272e-5
